{
  "hash": "c6f35f50",
  "configHash": "e045aeb2",
  "lockfileHash": "9bf0cff4",
  "browserHash": "096104cb",
  "optimized": {
    "@angular/common": {
      "src": "../../../../../../node_modules/@angular/common/fesm2022/common.mjs",
      "file": "@angular_common.js",
      "fileHash": "5631d3e5",
      "needsInterop": false
    },
    "@angular/common/http": {
      "src": "../../../../../../node_modules/@angular/common/fesm2022/http.mjs",
      "file": "@angular_common_http.js",
      "fileHash": "62be474d",
      "needsInterop": false
    },
    "@angular/core": {
      "src": "../../../../../../node_modules/@angular/core/fesm2022/core.mjs",
      "file": "@angular_core.js",
      "fileHash": "9ffdf3a4",
      "needsInterop": false
    },
    "@angular/forms": {
      "src": "../../../../../../node_modules/@angular/forms/fesm2022/forms.mjs",
      "file": "@angular_forms.js",
      "fileHash": "2872098a",
      "needsInterop": false
    },
    "@angular/platform-browser": {
      "src": "../../../../../../node_modules/@angular/platform-browser/fesm2022/platform-browser.mjs",
      "file": "@angular_platform-browser.js",
      "fileHash": "6f5fdd4a",
      "needsInterop": false
    },
    "@angular/router": {
      "src": "../../../../../../node_modules/@angular/router/fesm2022/router.mjs",
      "file": "@angular_router.js",
      "fileHash": "1a60237b",
      "needsInterop": false
    },
    "jspdf": {
      "src": "../../../../../../node_modules/jspdf/dist/jspdf.es.min.js",
      "file": "jspdf.js",
      "fileHash": "d7f84763",
      "needsInterop": false
    },
    "jspdf-autotable": {
      "src": "../../../../../../node_modules/jspdf-autotable/dist/jspdf.plugin.autotable.mjs",
      "file": "jspdf-autotable.js",
      "fileHash": "3de1464b",
      "needsInterop": false
    },
    "xlsx": {
      "src": "../../../../../../node_modules/xlsx/xlsx.mjs",
      "file": "xlsx.js",
      "fileHash": "6ed3d967",
      "needsInterop": false
    },
    "zone.js": {
      "src": "../../../../../../node_modules/zone.js/fesm2015/zone.js",
      "file": "zone__js.js",
      "fileHash": "8b78c43c",
      "needsInterop": true
    }
  },
  "chunks": {
    "html2canvas.esm-IHGY4OAO": {
      "file": "html2canvas__esm-IHGY4OAO.js"
    },
    "purify.es-57F44ZY4": {
      "file": "purify__es-57F44ZY4.js"
    },
    "index.es-PJ7DEOCT": {
      "file": "index__es-PJ7DEOCT.js"
    },
    "chunk-SPQWXW7E": {
      "file": "chunk-SPQWXW7E.js"
    },
    "chunk-HZS5UR2S": {
      "file": "chunk-HZS5UR2S.js"
    },
    "chunk-WUUVWCMF": {
      "file": "chunk-WUUVWCMF.js"
    },
    "chunk-OMWBQTRS": {
      "file": "chunk-OMWBQTRS.js"
    },
    "chunk-5WZ7CC4M": {
      "file": "chunk-5WZ7CC4M.js"
    },
    "chunk-2UNE2H6F": {
      "file": "chunk-2UNE2H6F.js"
    },
    "chunk-TXDUYLVM": {
      "file": "chunk-TXDUYLVM.js"
    }
  }
}